accionescolombia,accionescolombia
accionescolombia2,accionescolombia2
newcsvtest,newcsvtest
newuploadtest,newuploadtest
newuploadtest31,newuploadtest31
oil,oil
test1,test1
test2,test2
test3,test3
yukites,yukites
yukitest6,yukitest6
accionescolombia23,accionescolombia23
accionescolombia4,accionescolombia4
accionescolombia5,accionescolombia5
accionescolombia44,accionescolombia44
testtesttest,testtesttest
test,test
uploadtest2july21,uploadtest2july21
uploadtest2july25,uploadtest2july25
accionescolombia556,accionescolombia556
uploadtest2july29,uploadtest2july29
asdf,asdf
OK,OK
OK123,OK123